https://coomer.su/data/3c/4d/3c4d2596f7be19ca18cbc849c51f31e3eeade9c0841a4df3f7bc279ce594c3be.m4v?f=548fe3a2-f5c6-4e5a-bf08-d8e281570833.m4v, ConnectionTimeoutError - Download failed
https://coomer.su/data/aa/01/aa01f1d407ab0ae431e2e7a5faa148a32c8b842268f4d35aaa918864b795a8c4.m4v?f=318bd3e1-794e-4e48-a88d-fae8d2206bf7.m4v, ConnectionTimeoutError - Download failed
https://coomer.su/data/43/f2/43f26f08963905c244a8892e9676ce6a4abfdbb691af4420874eb8a32cb5a529.m4v?f=f09a174e-4c8a-4c1f-a7de-1a72b1780f9f.m4v, ClientConnectorError - Download failed
https://milkshake.bunkr.ru/Peachy.LIly.45-buOE52Iv.mp4?download=true, ClientConnectorError - ClientConnectorError(ConnectionKey(host='milkshake.bunkr.ru', port=443, is_ssl=True, ssl=<ssl.SSLContext object at 0x10818fa50>, proxy=URL(''), proxy_auth=None, proxy_headers_hash=2822635246295350142), gaierror(8, 'nodename nor servname provided, or not known'))
https://coomer.su/data/6f/ec/6fecb382b28bee46f95c0053e23d7a109a76215f8bbaf15cf6557abcedc4c731.m4v?f=ac8c8302-d596-4aee-8e5f-589305bacde3.m4v, ClientConnectorError - Download failed
https://coomer.su/data/00/99/00999ee05fdbf720e44eb8b9c6a2f9d6b442bd448e6953d0b6a84dc2c6896631.m4v?f=753d8cf0-a693-473d-8e4b-d0c05415b4fd.m4v, ClientConnectorError - ClientConnectorError(ConnectionKey(host='coomer.su', port=443, is_ssl=True, ssl=<ssl.SSLContext object at 0x10818fa50>, proxy=URL(''), proxy_auth=None, proxy_headers_hash=2822635246295350142), ConnectionRefusedError(61, "Connect call failed ('190.115.31.47', 443)"))
https://milkshake.bunkr.ru/Peachy.LIly.30-fr5epGVQ.mp4?download=true, ClientConnectorError - ClientConnectorError(ConnectionKey(host='milkshake.bunkr.ru', port=443, is_ssl=True, ssl=<ssl.SSLContext object at 0x10818fa50>, proxy=URL(''), proxy_auth=None, proxy_headers_hash=2822635246295350142), ConnectionRefusedError(61, "Connect call failed ('91.149.235.3', 443)"))
https://coomer.su/data/1b/c1/1bc1d313865884c2981a6b8ecffad768fce59dd42a1b8bff3c0de4ba941fc5e1.m4v?f=6f4c864f-2f8e-4645-a0c8-3071b32f4639.m4v, ClientConnectorError - ClientConnectorError(ConnectionKey(host='coomer.su', port=443, is_ssl=True, ssl=<ssl.SSLContext object at 0x10818fa50>, proxy=URL(''), proxy_auth=None, proxy_headers_hash=2822635246295350142), ConnectionRefusedError(61, "Connect call failed ('190.115.31.47', 443)"))
https://coomer.su/data/74/d0/74d07672f27c67befcaa3d10bd22263bf0ca19e9feb98984ab881bba4a21a84d.jpg?f=6c3118f5-3c24-4374-b911-bbace8af78bd.jpg, ClientConnectorError - ClientConnectorError(ConnectionKey(host='coomer.su', port=443, is_ssl=True, ssl=<ssl.SSLContext object at 0x10818fa50>, proxy=URL(''), proxy_auth=None, proxy_headers_hash=2822635246295350142), ConnectionRefusedError(61, "Connect call failed ('190.115.31.47', 443)"))
https://coomer.su/data/c1/ad/c1adb4d5765b58cddf06406cefb811721ee29bd3535046de4897395364c2ebab.m4v?f=8103a1f7-4411-406f-bb48-63a7e4708eff.m4v, ClientConnectorError - ClientConnectorError(ConnectionKey(host='coomer.su', port=443, is_ssl=True, ssl=<ssl.SSLContext object at 0x10818fa50>, proxy=URL(''), proxy_auth=None, proxy_headers_hash=2822635246295350142), ConnectionRefusedError(61, "Connect call failed ('190.115.31.47', 443)"))
https://coomer.su/data/5c/29/5c29b041193d626b1f1be2ee03194d0463be2a980a6859901bc5b377b12c4146.m4v?f=7f6bb127-46d1-44df-8b48-e2895d721e19.m4v, ClientConnectorError - ClientConnectorError(ConnectionKey(host='coomer.su', port=443, is_ssl=True, ssl=<ssl.SSLContext object at 0x10818fa50>, proxy=URL(''), proxy_auth=None, proxy_headers_hash=2822635246295350142), ConnectionRefusedError(61, "Connect call failed ('190.115.31.47', 443)"))
https://coomer.su/data/27/05/270590bea46928ff070d6dc7f491cf276899c3de81b4117b808bcb7e76c9c634.m4v?f=13af84f3-3b6e-4b05-b17e-3a6b238d404d.m4v, ClientConnectorError - ClientConnectorError(ConnectionKey(host='coomer.su', port=443, is_ssl=True, ssl=<ssl.SSLContext object at 0x10818fa50>, proxy=URL(''), proxy_auth=None, proxy_headers_hash=2822635246295350142), ConnectionRefusedError(61, "Connect call failed ('190.115.31.47', 443)"))
https://coomer.su/data/61/6d/616de0acd2c439b571cebb915d1821adcc5124a1845ce3ea94d232a8beb69e3f.m4v?f=34ed6a5f-1082-443a-86c1-d11193c57fdf.m4v, ClientConnectorError - ClientConnectorError(ConnectionKey(host='coomer.su', port=443, is_ssl=True, ssl=<ssl.SSLContext object at 0x10818fa50>, proxy=URL(''), proxy_auth=None, proxy_headers_hash=2822635246295350142), ConnectionRefusedError(61, "Connect call failed ('190.115.31.47', 443)"))
